Player,Profile_image_link
Abigail Rencheli,https://d1qkubt1nbt8w1.cloudfront.net/images/2022/1/18/Rencheli_Abigail.png?width=300
Adriana Reami,https://d1qkubt1nbt8w1.cloudfront.net/images/2021/1/14/Reami_Adriana.jpg?width=300
Alana Smith,https://d1qkubt1nbt8w1.cloudfront.net/images/2022/1/18/Smith_Alana.png?width=300
Amanda Rebol,https://d1qkubt1nbt8w1.cloudfront.net/images/2018/9/10/Amanda_Rebol_88.JPG?width=300
Amelia Rajecki,https://d1qkubt1nbt8w1.cloudfront.net/images/2022/1/18/Rajecki_Amelia.png?width=300
Anna Rogers,https://d1qkubt1nbt8w1.cloudfront.net/images/2021/1/14/Rogers_Anna.jpg?width=300
Bianca Moldovan,https://d1qkubt1nbt8w1.cloudfront.net/images/2018/9/10/Bianca_Moldovan.JPG?width=300
Claudia Wiktorin,https://d1qkubt1nbt8w1.cloudfront.net/images/2018/9/10/Claudia_Wiktorin_53.JPG?width=300
Dylan Cannon,https://d1qkubt1nbt8w1.cloudfront.net/images/2019/9/3/Cannon_Dylan.jpg?width=300
Jaeda Daniel,https://d1qkubt1nbt8w1.cloudfront.net/images/2022/1/18/Daniel_Jaeda.png?width=300
Lana Mavor,https://d1qkubt1nbt8w1.cloudfront.net/images/2021/1/15/Untitled_1.jpg?width=300
Lexi Keberle,https://d1qkubt1nbt8w1.cloudfront.net/images/2021/1/15/IMG_7328_Facetune_14_01_2021_17_39_18.jpeg?width=300
Liz Norman,https://d1qkubt1nbt8w1.cloudfront.net/images/2021/1/14/Norman_Liz.jpg?width=300
Marta Gonzalez,https://d1qkubt1nbt8w1.cloudfront.net/images/2019/9/3/Gonzalez_Marta.jpg?width=300
Nell Miller,https://d1qkubt1nbt8w1.cloudfront.net/images/2022/1/18/Miller_Nell.png?width=300
Priska Nugroho,https://d1qkubt1nbt8w1.cloudfront.net/images/2022/1/18/Nugroho_Priska_71.png?width=300
Sara Nayar,https://d1qkubt1nbt8w1.cloudfront.net/images/2022/1/18/Nayar_Sara.png?width=300
Sophie Abrams,https://d1qkubt1nbt8w1.cloudfront.net/images/2022/1/18/Abrams_Sophie.png?width=300